tau,precision,recall,f1,fpr,cache_hit_rate,hit_precision
no cache,0.9474,0.1369,0.2392,0.0050,0.0000,
0.6,0.8800,0.1673,0.2812,0.0150,0.0272,0.7778
0.65,0.9091,0.1521,0.2606,0.0100,0.0151,0.8000
0.7,0.9250,0.1407,0.2442,0.0075,0.0045,0.6667
0.75,0.9231,0.1369,0.2384,0.0075,0.0015,0.0000
0.8,0.9474,0.1369,0.2392,0.0050,0.0000,
0.85,0.9474,0.1369,0.2392,0.0050,0.0000,
0.88,0.9474,0.1369,0.2392,0.0050,0.0000,
0.9,0.9474,0.1369,0.2392,0.0050,0.0000,
0.92,0.9474,0.1369,0.2392,0.0050,0.0000,
0.95,0.9474,0.1369,0.2392,0.0050,0.0000,
0.97,0.9474,0.1369,0.2392,0.0050,0.0000,
0.99,0.9474,0.1369,0.2392,0.0050,0.0000,
