tau,theta,precision,recall,f1,fpr,cache_hit_rate,hit_precision
no cache,3.5,0.9777,0.8760,0.9241,0.0200,0.0000,
0.5,3.5,0.9036,0.9000,0.9018,0.0960,0.3580,0.8883
0.55,3.5,0.9485,0.8840,0.9151,0.0480,0.2740,0.9489
0.6,3.5,0.9692,0.8800,0.9224,0.0280,0.1660,0.9759
0.65,3.5,0.9735,0.8800,0.9244,0.0240,0.1040,0.9808
0.7,3.5,0.9777,0.8760,0.9241,0.0200,0.0560,1.0000
0.75,3.5,0.9777,0.8760,0.9241,0.0200,0.0260,1.0000
0.8,3.5,0.9777,0.8760,0.9241,0.0200,0.0040,1.0000
0.85,3.5,0.9777,0.8760,0.9241,0.0200,0.0000,
0.88,3.5,0.9777,0.8760,0.9241,0.0200,0.0000,
0.9,3.5,0.9777,0.8760,0.9241,0.0200,0.0000,
0.92,3.5,0.9777,0.8760,0.9241,0.0200,0.0000,
0.95,3.5,0.9777,0.8760,0.9241,0.0200,0.0000,
0.97,3.5,0.9777,0.8760,0.9241,0.0200,0.0000,
0.99,3.5,0.9777,0.8760,0.9241,0.0200,0.0000,
0.5,2.0,0.9036,0.9000,0.9018,0.0960,0.3580,0.8883
0.55,2.0,0.9485,0.8840,0.9151,0.0480,0.2740,0.9489
0.6,2.0,0.9692,0.8800,0.9224,0.0280,0.1660,0.9759
0.65,2.0,0.9735,0.8800,0.9244,0.0240,0.1040,0.9808
0.7,2.0,0.9777,0.8760,0.9241,0.0200,0.0560,1.0000
0.75,2.0,0.9777,0.8760,0.9241,0.0200,0.0260,1.0000
0.8,2.0,0.9777,0.8760,0.9241,0.0200,0.0040,1.0000
0.85,2.0,0.9777,0.8760,0.9241,0.0200,0.0000,
0.88,2.0,0.9777,0.8760,0.9241,0.0200,0.0000,
0.9,2.0,0.9777,0.8760,0.9241,0.0200,0.0000,
0.92,2.0,0.9777,0.8760,0.9241,0.0200,0.0000,
0.95,2.0,0.9777,0.8760,0.9241,0.0200,0.0000,
0.97,2.0,0.9777,0.8760,0.9241,0.0200,0.0000,
0.99,2.0,0.9777,0.8760,0.9241,0.0200,0.0000,
0.5,2.5,0.9036,0.9000,0.9018,0.0960,0.3580,0.8883
0.55,2.5,0.9485,0.8840,0.9151,0.0480,0.2740,0.9489
0.6,2.5,0.9692,0.8800,0.9224,0.0280,0.1660,0.9759
0.65,2.5,0.9735,0.8800,0.9244,0.0240,0.1040,0.9808
0.7,2.5,0.9777,0.8760,0.9241,0.0200,0.0560,1.0000
0.75,2.5,0.9777,0.8760,0.9241,0.0200,0.0260,1.0000
0.8,2.5,0.9777,0.8760,0.9241,0.0200,0.0040,1.0000
0.85,2.5,0.9777,0.8760,0.9241,0.0200,0.0000,
0.88,2.5,0.9777,0.8760,0.9241,0.0200,0.0000,
0.9,2.5,0.9777,0.8760,0.9241,0.0200,0.0000,
0.92,2.5,0.9777,0.8760,0.9241,0.0200,0.0000,
0.95,2.5,0.9777,0.8760,0.9241,0.0200,0.0000,
0.97,2.5,0.9777,0.8760,0.9241,0.0200,0.0000,
0.99,2.5,0.9777,0.8760,0.9241,0.0200,0.0000,
0.5,3.0,0.9036,0.9000,0.9018,0.0960,0.3580,0.8883
0.55,3.0,0.9485,0.8840,0.9151,0.0480,0.2740,0.9489
0.6,3.0,0.9692,0.8800,0.9224,0.0280,0.1660,0.9759
0.65,3.0,0.9735,0.8800,0.9244,0.0240,0.1040,0.9808
0.7,3.0,0.9777,0.8760,0.9241,0.0200,0.0560,1.0000
0.75,3.0,0.9777,0.8760,0.9241,0.0200,0.0260,1.0000
0.8,3.0,0.9777,0.8760,0.9241,0.0200,0.0040,1.0000
0.85,3.0,0.9777,0.8760,0.9241,0.0200,0.0000,
0.88,3.0,0.9777,0.8760,0.9241,0.0200,0.0000,
0.9,3.0,0.9777,0.8760,0.9241,0.0200,0.0000,
0.92,3.0,0.9777,0.8760,0.9241,0.0200,0.0000,
0.95,3.0,0.9777,0.8760,0.9241,0.0200,0.0000,
0.97,3.0,0.9777,0.8760,0.9241,0.0200,0.0000,
0.99,3.0,0.9777,0.8760,0.9241,0.0200,0.0000,
0.5,3.5,0.9036,0.9000,0.9018,0.0960,0.3580,0.8883
0.55,3.5,0.9485,0.8840,0.9151,0.0480,0.2740,0.9489
0.6,3.5,0.9692,0.8800,0.9224,0.0280,0.1660,0.9759
0.65,3.5,0.9735,0.8800,0.9244,0.0240,0.1040,0.9808
0.7,3.5,0.9777,0.8760,0.9241,0.0200,0.0560,1.0000
0.75,3.5,0.9777,0.8760,0.9241,0.0200,0.0260,1.0000
0.8,3.5,0.9777,0.8760,0.9241,0.0200,0.0040,1.0000
0.85,3.5,0.9777,0.8760,0.9241,0.0200,0.0000,
0.88,3.5,0.9777,0.8760,0.9241,0.0200,0.0000,
0.9,3.5,0.9777,0.8760,0.9241,0.0200,0.0000,
0.92,3.5,0.9777,0.8760,0.9241,0.0200,0.0000,
0.95,3.5,0.9777,0.8760,0.9241,0.0200,0.0000,
0.97,3.5,0.9777,0.8760,0.9241,0.0200,0.0000,
0.99,3.5,0.9777,0.8760,0.9241,0.0200,0.0000,
0.5,4.0,0.9036,0.9000,0.9018,0.0960,0.3580,0.8883
0.55,4.0,0.9485,0.8840,0.9151,0.0480,0.2740,0.9489
0.6,4.0,0.9692,0.8800,0.9224,0.0280,0.1660,0.9759
0.65,4.0,0.9735,0.8800,0.9244,0.0240,0.1040,0.9808
0.7,4.0,0.9777,0.8760,0.9241,0.0200,0.0560,1.0000
0.75,4.0,0.9777,0.8760,0.9241,0.0200,0.0260,1.0000
0.8,4.0,0.9777,0.8760,0.9241,0.0200,0.0040,1.0000
0.85,4.0,0.9777,0.8760,0.9241,0.0200,0.0000,
0.88,4.0,0.9777,0.8760,0.9241,0.0200,0.0000,
0.9,4.0,0.9777,0.8760,0.9241,0.0200,0.0000,
0.92,4.0,0.9777,0.8760,0.9241,0.0200,0.0000,
0.95,4.0,0.9777,0.8760,0.9241,0.0200,0.0000,
0.97,4.0,0.9777,0.8760,0.9241,0.0200,0.0000,
0.99,4.0,0.9777,0.8760,0.9241,0.0200,0.0000,
0.5,4.5,0.9036,0.9000,0.9018,0.0960,0.3580,0.8883
0.55,4.5,0.9485,0.8840,0.9151,0.0480,0.2740,0.9489
0.6,4.5,0.9692,0.8800,0.9224,0.0280,0.1660,0.9759
0.65,4.5,0.9735,0.8800,0.9244,0.0240,0.1040,0.9808
0.7,4.5,0.9777,0.8760,0.9241,0.0200,0.0560,1.0000
0.75,4.5,0.9777,0.8760,0.9241,0.0200,0.0260,1.0000
0.8,4.5,0.9777,0.8760,0.9241,0.0200,0.0040,1.0000
0.85,4.5,0.9777,0.8760,0.9241,0.0200,0.0000,
0.88,4.5,0.9777,0.8760,0.9241,0.0200,0.0000,
0.9,4.5,0.9777,0.8760,0.9241,0.0200,0.0000,
0.92,4.5,0.9777,0.8760,0.9241,0.0200,0.0000,
0.95,4.5,0.9777,0.8760,0.9241,0.0200,0.0000,
0.97,4.5,0.9777,0.8760,0.9241,0.0200,0.0000,
0.99,4.5,0.9777,0.8760,0.9241,0.0200,0.0000,
0.5,5.0,0.9036,0.9000,0.9018,0.0960,0.3580,0.8883
0.55,5.0,0.9485,0.8840,0.9151,0.0480,0.2740,0.9489
0.6,5.0,0.9692,0.8800,0.9224,0.0280,0.1660,0.9759
0.65,5.0,0.9735,0.8800,0.9244,0.0240,0.1040,0.9808
0.7,5.0,0.9777,0.8760,0.9241,0.0200,0.0560,1.0000
0.75,5.0,0.9777,0.8760,0.9241,0.0200,0.0260,1.0000
0.8,5.0,0.9777,0.8760,0.9241,0.0200,0.0040,1.0000
0.85,5.0,0.9777,0.8760,0.9241,0.0200,0.0000,
0.88,5.0,0.9777,0.8760,0.9241,0.0200,0.0000,
0.9,5.0,0.9777,0.8760,0.9241,0.0200,0.0000,
0.92,5.0,0.9777,0.8760,0.9241,0.0200,0.0000,
0.95,5.0,0.9777,0.8760,0.9241,0.0200,0.0000,
0.97,5.0,0.9777,0.8760,0.9241,0.0200,0.0000,
0.99,5.0,0.9777,0.8760,0.9241,0.0200,0.0000,
0.5,6.0,0.9036,0.9000,0.9018,0.0960,0.3580,0.8883
0.55,6.0,0.9485,0.8840,0.9151,0.0480,0.2740,0.9489
0.6,6.0,0.9692,0.8800,0.9224,0.0280,0.1660,0.9759
0.65,6.0,0.9735,0.8800,0.9244,0.0240,0.1040,0.9808
0.7,6.0,0.9777,0.8760,0.9241,0.0200,0.0560,1.0000
0.75,6.0,0.9777,0.8760,0.9241,0.0200,0.0260,1.0000
0.8,6.0,0.9777,0.8760,0.9241,0.0200,0.0040,1.0000
0.85,6.0,0.9777,0.8760,0.9241,0.0200,0.0000,
0.88,6.0,0.9777,0.8760,0.9241,0.0200,0.0000,
0.9,6.0,0.9777,0.8760,0.9241,0.0200,0.0000,
0.92,6.0,0.9777,0.8760,0.9241,0.0200,0.0000,
0.95,6.0,0.9777,0.8760,0.9241,0.0200,0.0000,
0.97,6.0,0.9777,0.8760,0.9241,0.0200,0.0000,
0.99,6.0,0.9777,0.8760,0.9241,0.0200,0.0000,
